episode_reward_max,episode_reward_min,episode_reward_mean,episode_len_mean,episodes_this_iter,episodes_timesteps_total,num_faulty_episodes,num_episodes,episode_return_max,episode_return_min,episode_return_mean,num_healthy_workers,num_in_flight_async_reqs,num_remote_worker_restarts,num_agent_steps_sampled,num_agent_steps_trained,num_env_steps_sampled,num_env_steps_trained,num_env_steps_sampled_this_iter,num_env_steps_trained_this_iter,num_env_steps_sampled_throughput_per_sec,num_env_steps_trained_throughput_per_sec,timesteps_total,num_env_steps_sampled_lifetime,num_agent_steps_sampled_lifetime,num_steps_trained_this_iter,agent_timesteps_total,done,episodes_total,training_iteration,trial_id,date,timestamp,time_this_iter_s,time_total_s,pid,hostname,node_ip,time_since_restore,iterations_since_restore,info/num_env_steps_sampled,info/num_env_steps_trained,info/num_agent_steps_sampled,info/num_agent_steps_trained,sampler_results/episode_reward_max,sampler_results/episode_reward_min,sampler_results/episode_reward_mean,sampler_results/episode_len_mean,sampler_results/episodes_this_iter,sampler_results/episodes_timesteps_total,sampler_results/num_faulty_episodes,sampler_results/num_episodes,sampler_results/episode_return_max,sampler_results/episode_return_min,sampler_results/episode_return_mean,env_runner_results/episode_reward_max,env_runner_results/episode_reward_min,env_runner_results/episode_reward_mean,env_runner_results/episode_len_mean,env_runner_results/episodes_this_iter,env_runner_results/episodes_timesteps_total,env_runner_results/num_faulty_episodes,env_runner_results/num_episodes,env_runner_results/episode_return_max,env_runner_results/episode_return_min,env_runner_results/episode_return_mean,hist_stats/episode_reward,hist_stats/episode_lengths,sampler_perf/mean_raw_obs_processing_ms,sampler_perf/mean_inference_ms,sampler_perf/mean_action_processing_ms,sampler_perf/mean_env_wait_ms,sampler_perf/mean_env_render_ms,connector_metrics/ObsPreprocessorConnector_ms,connector_metrics/StateBufferConnector_ms,connector_metrics/ViewRequirementAgentConnector_ms,timers/training_iteration_time_ms,timers/restore_workers_time_ms,timers/training_step_time_ms,timers/sample_time_ms,counters/num_env_steps_sampled,counters/num_env_steps_trained,counters/num_agent_steps_sampled,counters/num_agent_steps_trained,perf/cpu_util_percent,perf/ram_util_percent,sampler_results/hist_stats/episode_reward,sampler_results/hist_stats/episode_lengths,sampler_results/sampler_perf/mean_raw_obs_processing_ms,sampler_results/sampler_perf/mean_inference_ms,sampler_results/sampler_perf/mean_action_processing_ms,sampler_results/sampler_perf/mean_env_wait_ms,sampler_results/sampler_perf/mean_env_render_ms,sampler_results/connector_metrics/ObsPreprocessorConnector_ms,sampler_results/connector_metrics/StateBufferConnector_ms,sampler_results/connector_metrics/ViewRequirementAgentConnector_ms,env_runner_results/hist_stats/episode_reward,env_runner_results/hist_stats/episode_lengths,env_runner_results/sampler_perf/mean_raw_obs_processing_ms,env_runner_results/sampler_perf/mean_inference_ms,env_runner_results/sampler_perf/mean_action_processing_ms,env_runner_results/sampler_perf/mean_env_wait_ms,env_runner_results/sampler_perf/mean_env_render_ms,env_runner_results/connector_metrics/ObsPreprocessorConnector_ms,env_runner_results/connector_metrics/StateBufferConnector_ms,env_runner_results/connector_metrics/ViewRequirementAgentConnector_ms
191.0,179.0,185.1,99.0,10,990,0,10,191.0,179.0,185.1,0,0,0,1000,0,1000,0,1000,0,312.04851474482325,0.0,1000,1000,1000,0,1000,False,10,1,default,2024-05-19_18-09-26,1716167366,3.204805850982666,3.204805850982666,33092,Durgas-MacBook-Air.local,127.0.0.1,3.204805850982666,1,1000,0,1000,0,191.0,179.0,185.1,99.0,10,990,0,10,191.0,179.0,185.1,191.0,179.0,185.1,99.0,10,990,0,10,191.0,179.0,185.1,"[188.0, 191.0, 180.0, 182.0, 183.0, 179.0, 188.0, 188.0, 183.0, 189.0]","[99, 99, 99, 99, 99, 99, 99, 99, 99, 99]",0.31871800417904855,2.1216054777284485,0.06032156777548624,0.3635037790883433,0.0,0.015621185302734375,0.0024938583374023438,0.05158424377441406,3204.635,0.006,3.115,2.991,1000,0,1000,0,79.28,79.72,"[188.0, 191.0, 180.0, 182.0, 183.0, 179.0, 188.0, 188.0, 183.0, 189.0]","[99, 99, 99, 99, 99, 99, 99, 99, 99, 99]",0.31871800417904855,2.1216054777284485,0.06032156777548624,0.3635037790883433,0.0,0.015621185302734375,0.0024938583374023438,0.05158424377441406,"[188.0, 191.0, 180.0, 182.0, 183.0, 179.0, 188.0, 188.0, 183.0, 189.0]","[99, 99, 99, 99, 99, 99, 99, 99, 99, 99]",0.31871800417904855,2.1216054777284485,0.06032156777548624,0.3635037790883433,0.0,0.015621185302734375,0.0024938583374023438,0.05158424377441406
195.0,176.0,186.7,99.0,10,1980,0,10,195.0,176.0,186.7,0,0,0,2000,32000,2000,32000,1000,32000,15.128463301339975,484.1108256428792,2000,2000,2000,32000,2000,False,20,2,default,2024-05-19_18-10-32,1716167432,66.10086607933044,69.30567193031311,33092,Durgas-MacBook-Air.local,127.0.0.1,69.30567193031311,2,2000,32000,2000,32000,195.0,176.0,186.7,99.0,10,1980,0,10,195.0,176.0,186.7,195.0,176.0,186.7,99.0,10,1980,0,10,195.0,176.0,186.7,"[188.0, 191.0, 180.0, 182.0, 183.0, 179.0, 188.0, 188.0, 183.0, 189.0, 184.0, 190.0, 190.0, 189.0, 194.0, 188.0, 176.0, 187.0, 195.0, 190.0]","[99, 99, 99, 99, 99, 99, 99, 99, 99, 99, 99, 99, 99, 99, 99, 99, 99, 99, 99, 99]",0.3372644198411588,2.2595144605981146,0.062244525437530986,0.3763345737117315,0.0,0.018864870071411133,0.002821683883666992,0.05782127380371094,34652.604,0.007,68.756,3.888,2000,32000,2000,32000,97.63510638297869,80.31702127659572,"[188.0, 191.0, 180.0, 182.0, 183.0, 179.0, 188.0, 188.0, 183.0, 189.0, 184.0, 190.0, 190.0, 189.0, 194.0, 188.0, 176.0, 187.0, 195.0, 190.0]","[99, 99, 99, 99, 99, 99, 99, 99, 99, 99, 99, 99, 99, 99, 99, 99, 99, 99, 99, 99]",0.3372644198411588,2.2595144605981146,0.062244525437530986,0.3763345737117315,0.0,0.018864870071411133,0.002821683883666992,0.05782127380371094,"[188.0, 191.0, 180.0, 182.0, 183.0, 179.0, 188.0, 188.0, 183.0, 189.0, 184.0, 190.0, 190.0, 189.0, 194.0, 188.0, 176.0, 187.0, 195.0, 190.0]","[99, 99, 99, 99, 99, 99, 99, 99, 99, 99, 99, 99, 99, 99, 99, 99, 99, 99, 99, 99]",0.3372644198411588,2.2595144605981146,0.062244525437530986,0.3763345737117315,0.0,0.018864870071411133,0.002821683883666992,0.05782127380371094
197.0,176.0,187.43333333333334,99.0,10,2970,0,10,197.0,176.0,187.43333333333334,0,0,0,3000,64000,3000,64000,1000,32000,14.268925917806289,456.60562936980125,3000,3000,3000,32000,3000,False,30,3,default,2024-05-19_18-11-42,1716167502,70.08277297019958,139.3884449005127,33092,Durgas-MacBook-Air.local,127.0.0.1,139.3884449005127,3,3000,64000,3000,64000,197.0,176.0,187.43333333333334,99.0,10,2970,0,10,197.0,176.0,187.43333333333334,197.0,176.0,187.43333333333334,99.0,10,2970,0,10,197.0,176.0,187.43333333333334,"[188.0, 191.0, 180.0, 182.0, 183.0, 179.0, 188.0, 188.0, 183.0, 189.0, 184.0, 190.0, 190.0, 189.0, 194.0, 188.0, 176.0, 187.0, 195.0, 190.0, 188.0, 192.0, 190.0, 189.0, 183.0, 189.0, 187.0, 197.0, 187.0, 187.0]","[99, 99, 99, 99, 99, 99, 99, 99, 99, 99, 99, 99, 99, 99, 99, 99, 99, 99, 99, 99, 99, 99, 99, 99, 99, 99, 99, 99, 99, 99]",0.35278379023889705,2.349472184186705,0.06411666718238139,0.3897529004391617,0.0,0.020643075307210285,0.0030422210693359375,0.061914920806884766,46462.527,0.006,73.492,3.962,3000,64000,3000,64000,98.053,79.76800000000001,"[188.0, 191.0, 180.0, 182.0, 183.0, 179.0, 188.0, 188.0, 183.0, 189.0, 184.0, 190.0, 190.0, 189.0, 194.0, 188.0, 176.0, 187.0, 195.0, 190.0, 188.0, 192.0, 190.0, 189.0, 183.0, 189.0, 187.0, 197.0, 187.0, 187.0]","[99, 99, 99, 99, 99, 99, 99, 99, 99, 99, 99, 99, 99, 99, 99, 99, 99, 99, 99, 99, 99, 99, 99, 99, 99, 99, 99, 99, 99, 99]",0.35278379023889705,2.349472184186705,0.06411666718238139,0.3897529004391617,0.0,0.020643075307210285,0.0030422210693359375,0.061914920806884766,"[188.0, 191.0, 180.0, 182.0, 183.0, 179.0, 188.0, 188.0, 183.0, 189.0, 184.0, 190.0, 190.0, 189.0, 194.0, 188.0, 176.0, 187.0, 195.0, 190.0, 188.0, 192.0, 190.0, 189.0, 183.0, 189.0, 187.0, 197.0, 187.0, 187.0]","[99, 99, 99, 99, 99, 99, 99, 99, 99, 99, 99, 99, 99, 99, 99, 99, 99, 99, 99, 99, 99, 99, 99, 99, 99, 99, 99, 99, 99, 99]",0.35278379023889705,2.349472184186705,0.06411666718238139,0.3897529004391617,0.0,0.020643075307210285,0.0030422210693359375,0.061914920806884766
198.0,176.0,188.25,99.0,10,3960,0,10,198.0,176.0,188.25,0,0,0,4000,96000,4000,96000,1000,32000,13.154174543859211,420.93358540349476,4000,4000,4000,32000,4000,False,40,4,default,2024-05-19_18-12-58,1716167578,76.02192568778992,215.4103705883026,33092,Durgas-MacBook-Air.local,127.0.0.1,215.4103705883026,4,4000,96000,4000,96000,198.0,176.0,188.25,99.0,10,3960,0,10,198.0,176.0,188.25,198.0,176.0,188.25,99.0,10,3960,0,10,198.0,176.0,188.25,"[188.0, 191.0, 180.0, 182.0, 183.0, 179.0, 188.0, 188.0, 183.0, 189.0, 184.0, 190.0, 190.0, 189.0, 194.0, 188.0, 176.0, 187.0, 195.0, 190.0, 188.0, 192.0, 190.0, 189.0, 183.0, 189.0, 187.0, 197.0, 187.0, 187.0, 193.0, 179.0, 193.0, 193.0, 192.0, 189.0, 191.0, 198.0, 189.0, 190.0]","[99, 99, 99, 99, 99, 99, 99, 99, 99, 99, 99, 99, 99, 99, 99, 99, 99, 99, 99, 99, 99, 99, 99, 99, 99, 99, 99, 99, 99, 99, 99, 99, 99, 99, 99, 99, 99, 99, 99, 99]",0.36499342358546744,2.449197477801215,0.06565744800493829,0.4014081583463277,0.0,0.021655559539794922,0.0031751394271850586,0.06468355655670166,53852.271,0.006,76.365,4.659,4000,96000,4000,96000,98.17777777777779,79.975,"[188.0, 191.0, 180.0, 182.0, 183.0, 179.0, 188.0, 188.0, 183.0, 189.0, 184.0, 190.0, 190.0, 189.0, 194.0, 188.0, 176.0, 187.0, 195.0, 190.0, 188.0, 192.0, 190.0, 189.0, 183.0, 189.0, 187.0, 197.0, 187.0, 187.0, 193.0, 179.0, 193.0, 193.0, 192.0, 189.0, 191.0, 198.0, 189.0, 190.0]","[99, 99, 99, 99, 99, 99, 99, 99, 99, 99, 99, 99, 99, 99, 99, 99, 99, 99, 99, 99, 99, 99, 99, 99, 99, 99, 99, 99, 99, 99, 99, 99, 99, 99, 99, 99, 99, 99, 99, 99]",0.36499342358546744,2.449197477801215,0.06565744800493829,0.4014081583463277,0.0,0.021655559539794922,0.0031751394271850586,0.06468355655670166,"[188.0, 191.0, 180.0, 182.0, 183.0, 179.0, 188.0, 188.0, 183.0, 189.0, 184.0, 190.0, 190.0, 189.0, 194.0, 188.0, 176.0, 187.0, 195.0, 190.0, 188.0, 192.0, 190.0, 189.0, 183.0, 189.0, 187.0, 197.0, 187.0, 187.0, 193.0, 179.0, 193.0, 193.0, 192.0, 189.0, 191.0, 198.0, 189.0, 190.0]","[99, 99, 99, 99, 99, 99, 99, 99, 99, 99, 99, 99, 99, 99, 99, 99, 99, 99, 99, 99, 99, 99, 99, 99, 99, 99, 99, 99, 99, 99, 99, 99, 99, 99, 99, 99, 99, 99, 99, 99]",0.36499342358546744,2.449197477801215,0.06565744800493829,0.4014081583463277,0.0,0.021655559539794922,0.0031751394271850586,0.06468355655670166
198.0,176.0,189.36,99.0,10,4950,0,10,198.0,176.0,189.36,0,0,0,5000,128000,5000,128000,1000,32000,13.100935337423758,419.22993079756026,5000,5000,5000,32000,5000,False,50,5,default,2024-05-19_18-14-14,1716167654,76.33081293106079,291.7411835193634,33092,Durgas-MacBook-Air.local,127.0.0.1,291.7411835193634,5,5000,128000,5000,128000,198.0,176.0,189.36,99.0,10,4950,0,10,198.0,176.0,189.36,198.0,176.0,189.36,99.0,10,4950,0,10,198.0,176.0,189.36,"[188.0, 191.0, 180.0, 182.0, 183.0, 179.0, 188.0, 188.0, 183.0, 189.0, 184.0, 190.0, 190.0, 189.0, 194.0, 188.0, 176.0, 187.0, 195.0, 190.0, 188.0, 192.0, 190.0, 189.0, 183.0, 189.0, 187.0, 197.0, 187.0, 187.0, 193.0, 179.0, 193.0, 193.0, 192.0, 189.0, 191.0, 198.0, 189.0, 190.0, 192.0, 194.0, 195.0, 193.0, 195.0, 188.0, 198.0, 196.0, 194.0, 193.0]","[99, 99, 99, 99, 99, 99, 99, 99, 99, 99, 99, 99, 99, 99, 99, 99, 99, 99, 99, 99, 99, 99, 99, 99, 99, 99, 99, 99, 99, 99, 99, 99, 99, 99, 99, 99, 99, 99, 99, 99, 99, 99, 99, 99, 99, 99, 99, 99, 99, 99]",0.3747157167980322,2.5374464813624367,0.06689292563245317,0.4108659926480036,0.0,0.02242755889892578,0.0032644271850585938,0.06657695770263672,58347.904,0.006,72.593,4.835,5000,128000,5000,128000,98.24629629629628,79.69444444444444,"[188.0, 191.0, 180.0, 182.0, 183.0, 179.0, 188.0, 188.0, 183.0, 189.0, 184.0, 190.0, 190.0, 189.0, 194.0, 188.0, 176.0, 187.0, 195.0, 190.0, 188.0, 192.0, 190.0, 189.0, 183.0, 189.0, 187.0, 197.0, 187.0, 187.0, 193.0, 179.0, 193.0, 193.0, 192.0, 189.0, 191.0, 198.0, 189.0, 190.0, 192.0, 194.0, 195.0, 193.0, 195.0, 188.0, 198.0, 196.0, 194.0, 193.0]","[99, 99, 99, 99, 99, 99, 99, 99, 99, 99, 99, 99, 99, 99, 99, 99, 99, 99, 99, 99, 99, 99, 99, 99, 99, 99, 99, 99, 99, 99, 99, 99, 99, 99, 99, 99, 99, 99, 99, 99, 99, 99, 99, 99, 99, 99, 99, 99, 99, 99]",0.3747157167980322,2.5374464813624367,0.06689292563245317,0.4108659926480036,0.0,0.02242755889892578,0.0032644271850585938,0.06657695770263672,"[188.0, 191.0, 180.0, 182.0, 183.0, 179.0, 188.0, 188.0, 183.0, 189.0, 184.0, 190.0, 190.0, 189.0, 194.0, 188.0, 176.0, 187.0, 195.0, 190.0, 188.0, 192.0, 190.0, 189.0, 183.0, 189.0, 187.0, 197.0, 187.0, 187.0, 193.0, 179.0, 193.0, 193.0, 192.0, 189.0, 191.0, 198.0, 189.0, 190.0, 192.0, 194.0, 195.0, 193.0, 195.0, 188.0, 198.0, 196.0, 194.0, 193.0]","[99, 99, 99, 99, 99, 99, 99, 99, 99, 99, 99, 99, 99, 99, 99, 99, 99, 99, 99, 99, 99, 99, 99, 99, 99, 99, 99, 99, 99, 99, 99, 99, 99, 99, 99, 99, 99, 99, 99, 99, 99, 99, 99, 99, 99, 99, 99, 99, 99, 99]",0.3747157167980322,2.5374464813624367,0.06689292563245317,0.4108659926480036,0.0,0.02242755889892578,0.0032644271850585938,0.06657695770263672
198.0,176.0,190.35,99.0,10,5940,0,10,198.0,176.0,190.35,0,0,0,6000,160000,6000,160000,1000,32000,13.019413229390528,416.6212233404969,6000,6000,6000,32000,6000,False,60,6,default,2024-05-19_18-15-31,1716167731,76.80882716178894,368.55001068115234,33092,Durgas-MacBook-Air.local,127.0.0.1,368.55001068115234,6,6000,160000,6000,160000,198.0,176.0,190.35,99.0,10,5940,0,10,198.0,176.0,190.35,198.0,176.0,190.35,99.0,10,5940,0,10,198.0,176.0,190.35,"[188.0, 191.0, 180.0, 182.0, 183.0, 179.0, 188.0, 188.0, 183.0, 189.0, 184.0, 190.0, 190.0, 189.0, 194.0, 188.0, 176.0, 187.0, 195.0, 190.0, 188.0, 192.0, 190.0, 189.0, 183.0, 189.0, 187.0, 197.0, 187.0, 187.0, 193.0, 179.0, 193.0, 193.0, 192.0, 189.0, 191.0, 198.0, 189.0, 190.0, 192.0, 194.0, 195.0, 193.0, 195.0, 188.0, 198.0, 196.0, 194.0, 193.0, 197.0, 192.0, 190.0, 196.0, 195.0, 198.0, 194.0, 198.0, 195.0, 198.0]","[99, 99, 99, 99, 99, 99, 99, 99, 99, 99, 99, 99, 99, 99, 99, 99, 99, 99, 99, 99, 99, 99, 99, 99, 99, 99, 99, 99, 99, 99, 99, 99, 99, 99, 99, 99, 99, 99, 99, 99, 99, 99, 99, 99, 99, 99, 99, 99, 99, 99, 99, 99, 99, 99, 99, 99, 99, 99, 99, 99]",0.38290525228995054,2.6122775792331585,0.06793458715426226,0.4188768558765402,0.0,0.022991498311360676,0.003358920415242513,0.06806294123331706,61424.651,0.006,77.925,4.633,6000,160000,6000,160000,98.5623853211009,80.43027522935776,"[188.0, 191.0, 180.0, 182.0, 183.0, 179.0, 188.0, 188.0, 183.0, 189.0, 184.0, 190.0, 190.0, 189.0, 194.0, 188.0, 176.0, 187.0, 195.0, 190.0, 188.0, 192.0, 190.0, 189.0, 183.0, 189.0, 187.0, 197.0, 187.0, 187.0, 193.0, 179.0, 193.0, 193.0, 192.0, 189.0, 191.0, 198.0, 189.0, 190.0, 192.0, 194.0, 195.0, 193.0, 195.0, 188.0, 198.0, 196.0, 194.0, 193.0, 197.0, 192.0, 190.0, 196.0, 195.0, 198.0, 194.0, 198.0, 195.0, 198.0]","[99, 99, 99, 99, 99, 99, 99, 99, 99, 99, 99, 99, 99, 99, 99, 99, 99, 99, 99, 99, 99, 99, 99, 99, 99, 99, 99, 99, 99, 99, 99, 99, 99, 99, 99, 99, 99, 99, 99, 99, 99, 99, 99, 99, 99, 99, 99, 99, 99, 99, 99, 99, 99, 99, 99, 99, 99, 99, 99, 99]",0.38290525228995054,2.6122775792331585,0.06793458715426226,0.4188768558765402,0.0,0.022991498311360676,0.003358920415242513,0.06806294123331706,"[188.0, 191.0, 180.0, 182.0, 183.0, 179.0, 188.0, 188.0, 183.0, 189.0, 184.0, 190.0, 190.0, 189.0, 194.0, 188.0, 176.0, 187.0, 195.0, 190.0, 188.0, 192.0, 190.0, 189.0, 183.0, 189.0, 187.0, 197.0, 187.0, 187.0, 193.0, 179.0, 193.0, 193.0, 192.0, 189.0, 191.0, 198.0, 189.0, 190.0, 192.0, 194.0, 195.0, 193.0, 195.0, 188.0, 198.0, 196.0, 194.0, 193.0, 197.0, 192.0, 190.0, 196.0, 195.0, 198.0, 194.0, 198.0, 195.0, 198.0]","[99, 99, 99, 99, 99, 99, 99, 99, 99, 99, 99, 99, 99, 99, 99, 99, 99, 99, 99, 99, 99, 99, 99, 99, 99, 99, 99, 99, 99, 99, 99, 99, 99, 99, 99, 99, 99, 99, 99, 99, 99, 99, 99, 99, 99, 99, 99, 99, 99, 99, 99, 99, 99, 99, 99, 99, 99, 99, 99, 99]",0.38290525228995054,2.6122775792331585,0.06793458715426226,0.4188768558765402,0.0,0.022991498311360676,0.003358920415242513,0.06806294123331706
198.0,176.0,191.0857142857143,99.0,10,6930,0,10,198.0,176.0,191.0857142857143,0,0,0,7000,192000,7000,192000,1000,32000,13.089184618942316,418.8539078061541,7000,7000,7000,32000,7000,False,70,7,default,2024-05-19_18-16-48,1716167808,76.39941716194153,444.9494278430939,33092,Durgas-MacBook-Air.local,127.0.0.1,444.9494278430939,7,7000,192000,7000,192000,198.0,176.0,191.0857142857143,99.0,10,6930,0,10,198.0,176.0,191.0857142857143,198.0,176.0,191.0857142857143,99.0,10,6930,0,10,198.0,176.0,191.0857142857143,"[188.0, 191.0, 180.0, 182.0, 183.0, 179.0, 188.0, 188.0, 183.0, 189.0, 184.0, 190.0, 190.0, 189.0, 194.0, 188.0, 176.0, 187.0, 195.0, 190.0, 188.0, 192.0, 190.0, 189.0, 183.0, 189.0, 187.0, 197.0, 187.0, 187.0, 193.0, 179.0, 193.0, 193.0, 192.0, 189.0, 191.0, 198.0, 189.0, 190.0, 192.0, 194.0, 195.0, 193.0, 195.0, 188.0, 198.0, 196.0, 194.0, 193.0, 197.0, 192.0, 190.0, 196.0, 195.0, 198.0, 194.0, 198.0, 195.0, 198.0, 192.0, 194.0, 197.0, 196.0, 198.0, 192.0, 196.0, 197.0, 197.0, 196.0]","[99, 99, 99, 99, 99, 99, 99, 99, 99, 99, 99, 99, 99, 99, 99, 99, 99, 99, 99, 99, 99, 99, 99, 99, 99, 99, 99, 99, 99, 99, 99, 99, 99, 99, 99, 99, 99, 99, 99, 99, 99, 99, 99, 99, 99, 99, 99, 99, 99, 99, 99, 99, 99, 99, 99, 99, 99, 99, 99, 99, 99, 99, 99, 99, 99, 99, 99, 99, 99, 99]",0.3898461911471368,2.674800440833885,0.06882312356697944,0.42571536838843804,0.0,0.02336604254586356,0.003420966012137277,0.06946052823747907,63563.838,0.007,77.568,4.846,7000,192000,7000,192000,98.57407407407406,80.4962962962963,"[188.0, 191.0, 180.0, 182.0, 183.0, 179.0, 188.0, 188.0, 183.0, 189.0, 184.0, 190.0, 190.0, 189.0, 194.0, 188.0, 176.0, 187.0, 195.0, 190.0, 188.0, 192.0, 190.0, 189.0, 183.0, 189.0, 187.0, 197.0, 187.0, 187.0, 193.0, 179.0, 193.0, 193.0, 192.0, 189.0, 191.0, 198.0, 189.0, 190.0, 192.0, 194.0, 195.0, 193.0, 195.0, 188.0, 198.0, 196.0, 194.0, 193.0, 197.0, 192.0, 190.0, 196.0, 195.0, 198.0, 194.0, 198.0, 195.0, 198.0, 192.0, 194.0, 197.0, 196.0, 198.0, 192.0, 196.0, 197.0, 197.0, 196.0]","[99, 99, 99, 99, 99, 99, 99, 99, 99, 99, 99, 99, 99, 99, 99, 99, 99, 99, 99, 99, 99, 99, 99, 99, 99, 99, 99, 99, 99, 99, 99, 99, 99, 99, 99, 99, 99, 99, 99, 99, 99, 99, 99, 99, 99, 99, 99, 99, 99, 99, 99, 99, 99, 99, 99, 99, 99, 99, 99, 99, 99, 99, 99, 99, 99, 99, 99, 99, 99, 99]",0.3898461911471368,2.674800440833885,0.06882312356697944,0.42571536838843804,0.0,0.02336604254586356,0.003420966012137277,0.06946052823747907,"[188.0, 191.0, 180.0, 182.0, 183.0, 179.0, 188.0, 188.0, 183.0, 189.0, 184.0, 190.0, 190.0, 189.0, 194.0, 188.0, 176.0, 187.0, 195.0, 190.0, 188.0, 192.0, 190.0, 189.0, 183.0, 189.0, 187.0, 197.0, 187.0, 187.0, 193.0, 179.0, 193.0, 193.0, 192.0, 189.0, 191.0, 198.0, 189.0, 190.0, 192.0, 194.0, 195.0, 193.0, 195.0, 188.0, 198.0, 196.0, 194.0, 193.0, 197.0, 192.0, 190.0, 196.0, 195.0, 198.0, 194.0, 198.0, 195.0, 198.0, 192.0, 194.0, 197.0, 196.0, 198.0, 192.0, 196.0, 197.0, 197.0, 196.0]","[99, 99, 99, 99, 99, 99, 99, 99, 99, 99, 99, 99, 99, 99, 99, 99, 99, 99, 99, 99, 99, 99, 99, 99, 99, 99, 99, 99, 99, 99, 99, 99, 99, 99, 99, 99, 99, 99, 99, 99, 99, 99, 99, 99, 99, 99, 99, 99, 99, 99, 99, 99, 99, 99, 99, 99, 99, 99, 99, 99, 99, 99, 99, 99, 99, 99, 99, 99, 99, 99]",0.3898461911471368,2.674800440833885,0.06882312356697944,0.42571536838843804,0.0,0.02336604254586356,0.003420966012137277,0.06946052823747907
198.0,176.0,191.5375,99.0,10,7920,0,10,198.0,176.0,191.5375,0,0,0,8000,224000,8000,224000,1000,32000,12.96741487421819,414.95727597498205,8000,8000,8000,32000,8000,False,80,8,default,2024-05-19_18-18-05,1716167885,77.1169261932373,522.0663540363312,33092,Durgas-MacBook-Air.local,127.0.0.1,522.0663540363312,8,8000,224000,8000,224000,198.0,176.0,191.5375,99.0,10,7920,0,10,198.0,176.0,191.5375,198.0,176.0,191.5375,99.0,10,7920,0,10,198.0,176.0,191.5375,"[188.0, 191.0, 180.0, 182.0, 183.0, 179.0, 188.0, 188.0, 183.0, 189.0, 184.0, 190.0, 190.0, 189.0, 194.0, 188.0, 176.0, 187.0, 195.0, 190.0, 188.0, 192.0, 190.0, 189.0, 183.0, 189.0, 187.0, 197.0, 187.0, 187.0, 193.0, 179.0, 193.0, 193.0, 192.0, 189.0, 191.0, 198.0, 189.0, 190.0, 192.0, 194.0, 195.0, 193.0, 195.0, 188.0, 198.0, 196.0, 194.0, 193.0, 197.0, 192.0, 190.0, 196.0, 195.0, 198.0, 194.0, 198.0, 195.0, 198.0, 192.0, 194.0, 197.0, 196.0, 198.0, 192.0, 196.0, 197.0, 197.0, 196.0, 197.0, 195.0, 194.0, 190.0, 196.0, 198.0, 194.0, 198.0, 192.0, 193.0]","[99, 99, 99, 99, 99, 99, 99, 99, 99, 99, 99, 99, 99, 99, 99, 99, 99, 99, 99, 99, 99, 99, 99, 99, 99, 99, 99, 99, 99, 99, 99, 99, 99, 99, 99, 99, 99, 99, 99, 99, 99, 99, 99, 99, 99, 99, 99, 99, 99, 99, 99, 99, 99, 99, 99, 99, 99, 99, 99, 99, 99, 99, 99, 99, 99, 99, 99, 99, 99, 99, 99, 99, 99, 99, 99, 99, 99, 99, 99, 99]",0.3958383403067992,2.7283573245320993,0.06958301207259669,0.4316071137255905,0.0,0.023643076419830322,0.0034686923027038574,0.07038414478302002,65257.906,0.007,78.372,4.815,8000,224000,8000,224000,97.65045871559636,80.19449541284402,"[188.0, 191.0, 180.0, 182.0, 183.0, 179.0, 188.0, 188.0, 183.0, 189.0, 184.0, 190.0, 190.0, 189.0, 194.0, 188.0, 176.0, 187.0, 195.0, 190.0, 188.0, 192.0, 190.0, 189.0, 183.0, 189.0, 187.0, 197.0, 187.0, 187.0, 193.0, 179.0, 193.0, 193.0, 192.0, 189.0, 191.0, 198.0, 189.0, 190.0, 192.0, 194.0, 195.0, 193.0, 195.0, 188.0, 198.0, 196.0, 194.0, 193.0, 197.0, 192.0, 190.0, 196.0, 195.0, 198.0, 194.0, 198.0, 195.0, 198.0, 192.0, 194.0, 197.0, 196.0, 198.0, 192.0, 196.0, 197.0, 197.0, 196.0, 197.0, 195.0, 194.0, 190.0, 196.0, 198.0, 194.0, 198.0, 192.0, 193.0]","[99, 99, 99, 99, 99, 99, 99, 99, 99, 99, 99, 99, 99, 99, 99, 99, 99, 99, 99, 99, 99, 99, 99, 99, 99, 99, 99, 99, 99, 99, 99, 99, 99, 99, 99, 99, 99, 99, 99, 99, 99, 99, 99, 99, 99, 99, 99, 99, 99, 99, 99, 99, 99, 99, 99, 99, 99, 99, 99, 99, 99, 99, 99, 99, 99, 99, 99, 99, 99, 99, 99, 99, 99, 99, 99, 99, 99, 99, 99, 99]",0.3958383403067992,2.7283573245320993,0.06958301207259669,0.4316071137255905,0.0,0.023643076419830322,0.0034686923027038574,0.07038414478302002,"[188.0, 191.0, 180.0, 182.0, 183.0, 179.0, 188.0, 188.0, 183.0, 189.0, 184.0, 190.0, 190.0, 189.0, 194.0, 188.0, 176.0, 187.0, 195.0, 190.0, 188.0, 192.0, 190.0, 189.0, 183.0, 189.0, 187.0, 197.0, 187.0, 187.0, 193.0, 179.0, 193.0, 193.0, 192.0, 189.0, 191.0, 198.0, 189.0, 190.0, 192.0, 194.0, 195.0, 193.0, 195.0, 188.0, 198.0, 196.0, 194.0, 193.0, 197.0, 192.0, 190.0, 196.0, 195.0, 198.0, 194.0, 198.0, 195.0, 198.0, 192.0, 194.0, 197.0, 196.0, 198.0, 192.0, 196.0, 197.0, 197.0, 196.0, 197.0, 195.0, 194.0, 190.0, 196.0, 198.0, 194.0, 198.0, 192.0, 193.0]","[99, 99, 99, 99, 99, 99, 99, 99, 99, 99, 99, 99, 99, 99, 99, 99, 99, 99, 99, 99, 99, 99, 99, 99, 99, 99, 99, 99, 99, 99, 99, 99, 99, 99, 99, 99, 99, 99, 99, 99, 99, 99, 99, 99, 99, 99, 99, 99, 99, 99, 99, 99, 99, 99, 99, 99, 99, 99, 99, 99, 99, 99, 99, 99, 99, 99, 99, 99, 99, 99, 99, 99, 99, 99, 99, 99, 99, 99, 99, 99]",0.3958383403067992,2.7283573245320993,0.06958301207259669,0.4316071137255905,0.0,0.023643076419830322,0.0034686923027038574,0.07038414478302002
198.0,176.0,192.05555555555554,99.0,10,8910,0,10,198.0,176.0,192.05555555555554,0,0,0,9000,256000,9000,256000,1000,32000,13.064855944502696,418.0753902240863,9000,9000,9000,32000,9000,False,90,9,default,2024-05-19_18-19-21,1716167961,76.5418312549591,598.6081852912903,33092,Durgas-MacBook-Air.local,127.0.0.1,598.6081852912903,9,9000,256000,9000,256000,198.0,176.0,192.05555555555554,99.0,10,8910,0,10,198.0,176.0,192.05555555555554,198.0,176.0,192.05555555555554,99.0,10,8910,0,10,198.0,176.0,192.05555555555554,"[188.0, 191.0, 180.0, 182.0, 183.0, 179.0, 188.0, 188.0, 183.0, 189.0, 184.0, 190.0, 190.0, 189.0, 194.0, 188.0, 176.0, 187.0, 195.0, 190.0, 188.0, 192.0, 190.0, 189.0, 183.0, 189.0, 187.0, 197.0, 187.0, 187.0, 193.0, 179.0, 193.0, 193.0, 192.0, 189.0, 191.0, 198.0, 189.0, 190.0, 192.0, 194.0, 195.0, 193.0, 195.0, 188.0, 198.0, 196.0, 194.0, 193.0, 197.0, 192.0, 190.0, 196.0, 195.0, 198.0, 194.0, 198.0, 195.0, 198.0, 192.0, 194.0, 197.0, 196.0, 198.0, 192.0, 196.0, 197.0, 197.0, 196.0, 197.0, 195.0, 194.0, 190.0, 196.0, 198.0, 194.0, 198.0, 192.0, 193.0, 195.0, 198.0, 198.0, 197.0, 198.0, 196.0, 191.0, 196.0, 198.0, 195.0]","[99, 99, 99, 99, 99, 99, 99, 99, 99, 99, 99, 99, 99, 99, 99, 99, 99, 99, 99, 99, 99, 99, 99, 99, 99, 99, 99, 99, 99, 99, 99, 99, 99, 99, 99, 99, 99, 99, 99, 99, 99, 99, 99, 99, 99, 99, 99, 99, 99, 99, 99, 99, 99, 99, 99, 99, 99, 99, 99, 99, 99, 99, 99, 99, 99, 99, 99, 99, 99, 99, 99, 99, 99, 99, 99, 99, 99, 99, 99, 99, 99, 99, 99, 99, 99, 99, 99, 99, 99, 99]",0.4010587907826908,2.7743177218274853,0.07024916314442749,0.4367374725635831,0.0,0.02384715610080295,0.0035013092888726127,0.07104502783881293,66511.608,0.007,78.409,4.92,9000,256000,9000,256000,97.53027522935781,79.90642201834862,"[188.0, 191.0, 180.0, 182.0, 183.0, 179.0, 188.0, 188.0, 183.0, 189.0, 184.0, 190.0, 190.0, 189.0, 194.0, 188.0, 176.0, 187.0, 195.0, 190.0, 188.0, 192.0, 190.0, 189.0, 183.0, 189.0, 187.0, 197.0, 187.0, 187.0, 193.0, 179.0, 193.0, 193.0, 192.0, 189.0, 191.0, 198.0, 189.0, 190.0, 192.0, 194.0, 195.0, 193.0, 195.0, 188.0, 198.0, 196.0, 194.0, 193.0, 197.0, 192.0, 190.0, 196.0, 195.0, 198.0, 194.0, 198.0, 195.0, 198.0, 192.0, 194.0, 197.0, 196.0, 198.0, 192.0, 196.0, 197.0, 197.0, 196.0, 197.0, 195.0, 194.0, 190.0, 196.0, 198.0, 194.0, 198.0, 192.0, 193.0, 195.0, 198.0, 198.0, 197.0, 198.0, 196.0, 191.0, 196.0, 198.0, 195.0]","[99, 99, 99, 99, 99, 99, 99, 99, 99, 99, 99, 99, 99, 99, 99, 99, 99, 99, 99, 99, 99, 99, 99, 99, 99, 99, 99, 99, 99, 99, 99, 99, 99, 99, 99, 99, 99, 99, 99, 99, 99, 99, 99, 99, 99, 99, 99, 99, 99, 99, 99, 99, 99, 99, 99, 99, 99, 99, 99, 99, 99, 99, 99, 99, 99, 99, 99, 99, 99, 99, 99, 99, 99, 99, 99, 99, 99, 99, 99, 99, 99, 99, 99, 99, 99, 99, 99, 99, 99, 99]",0.4010587907826908,2.7743177218274853,0.07024916314442749,0.4367374725635831,0.0,0.02384715610080295,0.0035013092888726127,0.07104502783881293,"[188.0, 191.0, 180.0, 182.0, 183.0, 179.0, 188.0, 188.0, 183.0, 189.0, 184.0, 190.0, 190.0, 189.0, 194.0, 188.0, 176.0, 187.0, 195.0, 190.0, 188.0, 192.0, 190.0, 189.0, 183.0, 189.0, 187.0, 197.0, 187.0, 187.0, 193.0, 179.0, 193.0, 193.0, 192.0, 189.0, 191.0, 198.0, 189.0, 190.0, 192.0, 194.0, 195.0, 193.0, 195.0, 188.0, 198.0, 196.0, 194.0, 193.0, 197.0, 192.0, 190.0, 196.0, 195.0, 198.0, 194.0, 198.0, 195.0, 198.0, 192.0, 194.0, 197.0, 196.0, 198.0, 192.0, 196.0, 197.0, 197.0, 196.0, 197.0, 195.0, 194.0, 190.0, 196.0, 198.0, 194.0, 198.0, 192.0, 193.0, 195.0, 198.0, 198.0, 197.0, 198.0, 196.0, 191.0, 196.0, 198.0, 195.0]","[99, 99, 99, 99, 99, 99, 99, 99, 99, 99, 99, 99, 99, 99, 99, 99, 99, 99, 99, 99, 99, 99, 99, 99, 99, 99, 99, 99, 99, 99, 99, 99, 99, 99, 99, 99, 99, 99, 99, 99, 99, 99, 99, 99, 99, 99, 99, 99, 99, 99, 99, 99, 99, 99, 99, 99, 99, 99, 99, 99, 99, 99, 99, 99, 99, 99, 99, 99, 99, 99, 99, 99, 99, 99, 99, 99, 99, 99, 99, 99, 99, 99, 99, 99, 99, 99, 99, 99, 99, 99]",0.4010587907826908,2.7743177218274853,0.07024916314442749,0.4367374725635831,0.0,0.02384715610080295,0.0035013092888726127,0.07104502783881293
198.0,176.0,192.46,99.0,11,9900,0,11,198.0,176.0,192.46,0,0,0,10000,288000,10000,288000,1000,32000,12.751780035734562,408.056961143506,10000,10000,10000,32000,10000,False,101,10,default,2024-05-19_18-20-40,1716168040,78.42107081413269,677.029256105423,33092,Durgas-MacBook-Air.local,127.0.0.1,677.029256105423,10,10000,288000,10000,288000,198.0,176.0,192.46,99.0,11,9900,0,11,198.0,176.0,192.46,198.0,176.0,192.46,99.0,11,9900,0,11,198.0,176.0,192.46,"[191.0, 180.0, 182.0, 183.0, 179.0, 188.0, 188.0, 183.0, 189.0, 184.0, 190.0, 190.0, 189.0, 194.0, 188.0, 176.0, 187.0, 195.0, 190.0, 188.0, 192.0, 190.0, 189.0, 183.0, 189.0, 187.0, 197.0, 187.0, 187.0, 193.0, 179.0, 193.0, 193.0, 192.0, 189.0, 191.0, 198.0, 189.0, 190.0, 192.0, 194.0, 195.0, 193.0, 195.0, 188.0, 198.0, 196.0, 194.0, 193.0, 197.0, 192.0, 190.0, 196.0, 195.0, 198.0, 194.0, 198.0, 195.0, 198.0, 192.0, 194.0, 197.0, 196.0, 198.0, 192.0, 196.0, 197.0, 197.0, 196.0, 197.0, 195.0, 194.0, 190.0, 196.0, 198.0, 194.0, 198.0, 192.0, 193.0, 195.0, 198.0, 198.0, 197.0, 198.0, 196.0, 191.0, 196.0, 198.0, 195.0, 194.0, 190.0, 198.0, 194.0, 194.0, 191.0, 197.0, 197.0, 198.0, 198.0, 198.0]","[99, 99, 99, 99, 99, 99, 99, 99, 99, 99, 99, 99, 99, 99, 99, 99, 99, 99, 99, 99, 99, 99, 99, 99, 99, 99, 99, 99, 99, 99, 99, 99, 99, 99, 99, 99, 99, 99, 99, 99, 99, 99, 99, 99, 99, 99, 99, 99, 99, 99, 99, 99, 99, 99, 99, 99, 99, 99, 99, 99, 99, 99, 99, 99, 99, 99, 99, 99, 99, 99, 99, 99, 99, 99, 99, 99, 99, 99, 99, 99, 99, 99, 99, 99, 99, 99, 99, 99, 99, 99, 99, 99, 99, 99, 99, 99, 99, 99, 99, 99]",0.40700086347209724,2.8250807810245497,0.0710004028994271,0.44252662631865236,0.0,0.02422332763671875,0.003553152084350586,0.0721895694732666,67702.491,0.007,79.466,4.925,10000,288000,10000,288000,97.6018018018018,80.3981981981982,"[191.0, 180.0, 182.0, 183.0, 179.0, 188.0, 188.0, 183.0, 189.0, 184.0, 190.0, 190.0, 189.0, 194.0, 188.0, 176.0, 187.0, 195.0, 190.0, 188.0, 192.0, 190.0, 189.0, 183.0, 189.0, 187.0, 197.0, 187.0, 187.0, 193.0, 179.0, 193.0, 193.0, 192.0, 189.0, 191.0, 198.0, 189.0, 190.0, 192.0, 194.0, 195.0, 193.0, 195.0, 188.0, 198.0, 196.0, 194.0, 193.0, 197.0, 192.0, 190.0, 196.0, 195.0, 198.0, 194.0, 198.0, 195.0, 198.0, 192.0, 194.0, 197.0, 196.0, 198.0, 192.0, 196.0, 197.0, 197.0, 196.0, 197.0, 195.0, 194.0, 190.0, 196.0, 198.0, 194.0, 198.0, 192.0, 193.0, 195.0, 198.0, 198.0, 197.0, 198.0, 196.0, 191.0, 196.0, 198.0, 195.0, 194.0, 190.0, 198.0, 194.0, 194.0, 191.0, 197.0, 197.0, 198.0, 198.0, 198.0]","[99, 99, 99, 99, 99, 99, 99, 99, 99, 99, 99, 99, 99, 99, 99, 99, 99, 99, 99, 99, 99, 99, 99, 99, 99, 99, 99, 99, 99, 99, 99, 99, 99, 99, 99, 99, 99, 99, 99, 99, 99, 99, 99, 99, 99, 99, 99, 99, 99, 99, 99, 99, 99, 99, 99, 99, 99, 99, 99, 99, 99, 99, 99, 99, 99, 99, 99, 99, 99, 99, 99, 99, 99, 99, 99, 99, 99, 99, 99, 99, 99, 99, 99, 99, 99, 99, 99, 99, 99, 99, 99, 99, 99, 99, 99, 99, 99, 99, 99, 99]",0.40700086347209724,2.8250807810245497,0.0710004028994271,0.44252662631865236,0.0,0.02422332763671875,0.003553152084350586,0.0721895694732666,"[191.0, 180.0, 182.0, 183.0, 179.0, 188.0, 188.0, 183.0, 189.0, 184.0, 190.0, 190.0, 189.0, 194.0, 188.0, 176.0, 187.0, 195.0, 190.0, 188.0, 192.0, 190.0, 189.0, 183.0, 189.0, 187.0, 197.0, 187.0, 187.0, 193.0, 179.0, 193.0, 193.0, 192.0, 189.0, 191.0, 198.0, 189.0, 190.0, 192.0, 194.0, 195.0, 193.0, 195.0, 188.0, 198.0, 196.0, 194.0, 193.0, 197.0, 192.0, 190.0, 196.0, 195.0, 198.0, 194.0, 198.0, 195.0, 198.0, 192.0, 194.0, 197.0, 196.0, 198.0, 192.0, 196.0, 197.0, 197.0, 196.0, 197.0, 195.0, 194.0, 190.0, 196.0, 198.0, 194.0, 198.0, 192.0, 193.0, 195.0, 198.0, 198.0, 197.0, 198.0, 196.0, 191.0, 196.0, 198.0, 195.0, 194.0, 190.0, 198.0, 194.0, 194.0, 191.0, 197.0, 197.0, 198.0, 198.0, 198.0]","[99, 99, 99, 99, 99, 99, 99, 99, 99, 99, 99, 99, 99, 99, 99, 99, 99, 99, 99, 99, 99, 99, 99, 99, 99, 99, 99, 99, 99, 99, 99, 99, 99, 99, 99, 99, 99, 99, 99, 99, 99, 99, 99, 99, 99, 99, 99, 99, 99, 99, 99, 99, 99, 99, 99, 99, 99, 99, 99, 99, 99, 99, 99, 99, 99, 99, 99, 99, 99, 99, 99, 99, 99, 99, 99, 99, 99, 99, 99, 99, 99, 99, 99, 99, 99, 99, 99, 99, 99, 99, 99, 99, 99, 99, 99, 99, 99, 99, 99, 99]",0.40700086347209724,2.8250807810245497,0.0710004028994271,0.44252662631865236,0.0,0.02422332763671875,0.003553152084350586,0.0721895694732666
198.0,176.0,193.6,99.0,10,9900,0,10,198.0,176.0,193.6,0,0,0,11000,320000,11000,320000,1000,32000,12.316442803989416,394.1261697276613,11000,11000,11000,32000,11000,False,111,11,default,2024-05-19_18-22-01,1716168121,81.19294214248657,758.2221982479095,33092,Durgas-MacBook-Air.local,127.0.0.1,758.2221982479095,11,11000,320000,11000,320000,198.0,176.0,193.6,99.0,10,9900,0,10,198.0,176.0,193.6,198.0,176.0,193.6,99.0,10,9900,0,10,198.0,176.0,193.6,"[190.0, 190.0, 189.0, 194.0, 188.0, 176.0, 187.0, 195.0, 190.0, 188.0, 192.0, 190.0, 189.0, 183.0, 189.0, 187.0, 197.0, 187.0, 187.0, 193.0, 179.0, 193.0, 193.0, 192.0, 189.0, 191.0, 198.0, 189.0, 190.0, 192.0, 194.0, 195.0, 193.0, 195.0, 188.0, 198.0, 196.0, 194.0, 193.0, 197.0, 192.0, 190.0, 196.0, 195.0, 198.0, 194.0, 198.0, 195.0, 198.0, 192.0, 194.0, 197.0, 196.0, 198.0, 192.0, 196.0, 197.0, 197.0, 196.0, 197.0, 195.0, 194.0, 190.0, 196.0, 198.0, 194.0, 198.0, 192.0, 193.0, 195.0, 198.0, 198.0, 197.0, 198.0, 196.0, 191.0, 196.0, 198.0, 195.0, 194.0, 190.0, 198.0, 194.0, 194.0, 191.0, 197.0, 197.0, 198.0, 198.0, 198.0, 197.0, 197.0, 196.0, 198.0, 192.0, 191.0, 198.0, 198.0, 196.0, 198.0]","[99, 99, 99, 99, 99, 99, 99, 99, 99, 99, 99, 99, 99, 99, 99, 99, 99, 99, 99, 99, 99, 99, 99, 99, 99, 99, 99, 99, 99, 99, 99, 99, 99, 99, 99, 99, 99, 99, 99, 99, 99, 99, 99, 99, 99, 99, 99, 99, 99, 99, 99, 99, 99, 99, 99, 99, 99, 99, 99, 99, 99, 99, 99, 99, 99, 99, 99, 99, 99, 99, 99, 99, 99, 99, 99, 99, 99, 99, 99, 99, 99, 99, 99, 99, 99, 99, 99, 99, 99, 99, 99, 99, 99, 99, 99, 99, 99, 99, 99, 99]",0.42026936772509116,2.9324889535345027,0.07264889242310665,0.45498409554163016,0.0,0.02542400360107422,0.0037462711334228516,0.07528042793273926,75501.255,0.007,79.355,5.224,11000,320000,11000,320000,97.70173913043479,79.97304347826088,"[190.0, 190.0, 189.0, 194.0, 188.0, 176.0, 187.0, 195.0, 190.0, 188.0, 192.0, 190.0, 189.0, 183.0, 189.0, 187.0, 197.0, 187.0, 187.0, 193.0, 179.0, 193.0, 193.0, 192.0, 189.0, 191.0, 198.0, 189.0, 190.0, 192.0, 194.0, 195.0, 193.0, 195.0, 188.0, 198.0, 196.0, 194.0, 193.0, 197.0, 192.0, 190.0, 196.0, 195.0, 198.0, 194.0, 198.0, 195.0, 198.0, 192.0, 194.0, 197.0, 196.0, 198.0, 192.0, 196.0, 197.0, 197.0, 196.0, 197.0, 195.0, 194.0, 190.0, 196.0, 198.0, 194.0, 198.0, 192.0, 193.0, 195.0, 198.0, 198.0, 197.0, 198.0, 196.0, 191.0, 196.0, 198.0, 195.0, 194.0, 190.0, 198.0, 194.0, 194.0, 191.0, 197.0, 197.0, 198.0, 198.0, 198.0, 197.0, 197.0, 196.0, 198.0, 192.0, 191.0, 198.0, 198.0, 196.0, 198.0]","[99, 99, 99, 99, 99, 99, 99, 99, 99, 99, 99, 99, 99, 99, 99, 99, 99, 99, 99, 99, 99, 99, 99, 99, 99, 99, 99, 99, 99, 99, 99, 99, 99, 99, 99, 99, 99, 99, 99, 99, 99, 99, 99, 99, 99, 99, 99, 99, 99, 99, 99, 99, 99, 99, 99, 99, 99, 99, 99, 99, 99, 99, 99, 99, 99, 99, 99, 99, 99, 99, 99, 99, 99, 99, 99, 99, 99, 99, 99, 99, 99, 99, 99, 99, 99, 99, 99, 99, 99, 99, 99, 99, 99, 99, 99, 99, 99, 99, 99, 99]",0.42026936772509116,2.9324889535345027,0.07264889242310665,0.45498409554163016,0.0,0.02542400360107422,0.0037462711334228516,0.07528042793273926,"[190.0, 190.0, 189.0, 194.0, 188.0, 176.0, 187.0, 195.0, 190.0, 188.0, 192.0, 190.0, 189.0, 183.0, 189.0, 187.0, 197.0, 187.0, 187.0, 193.0, 179.0, 193.0, 193.0, 192.0, 189.0, 191.0, 198.0, 189.0, 190.0, 192.0, 194.0, 195.0, 193.0, 195.0, 188.0, 198.0, 196.0, 194.0, 193.0, 197.0, 192.0, 190.0, 196.0, 195.0, 198.0, 194.0, 198.0, 195.0, 198.0, 192.0, 194.0, 197.0, 196.0, 198.0, 192.0, 196.0, 197.0, 197.0, 196.0, 197.0, 195.0, 194.0, 190.0, 196.0, 198.0, 194.0, 198.0, 192.0, 193.0, 195.0, 198.0, 198.0, 197.0, 198.0, 196.0, 191.0, 196.0, 198.0, 195.0, 194.0, 190.0, 198.0, 194.0, 194.0, 191.0, 197.0, 197.0, 198.0, 198.0, 198.0, 197.0, 197.0, 196.0, 198.0, 192.0, 191.0, 198.0, 198.0, 196.0, 198.0]","[99, 99, 99, 99, 99, 99, 99, 99, 99, 99, 99, 99, 99, 99, 99, 99, 99, 99, 99, 99, 99, 99, 99, 99, 99, 99, 99, 99, 99, 99, 99, 99, 99, 99, 99, 99, 99, 99, 99, 99, 99, 99, 99, 99, 99, 99, 99, 99, 99, 99, 99, 99, 99, 99, 99, 99, 99, 99, 99, 99, 99, 99, 99, 99, 99, 99, 99, 99, 99, 99, 99, 99, 99, 99, 99, 99, 99, 99, 99, 99, 99, 99, 99, 99, 99, 99, 99, 99, 99, 99, 99, 99, 99, 99, 99, 99, 99, 99, 99, 99]",0.42026936772509116,2.9324889535345027,0.07264889242310665,0.45498409554163016,0.0,0.02542400360107422,0.0037462711334228516,0.07528042793273926
198.0,179.0,194.35,99.0,10,9900,0,10,198.0,179.0,194.35,0,0,0,12000,352000,12000,352000,1000,32000,11.995465470705343,383.85489506257096,12000,12000,12000,32000,12000,False,121,12,default,2024-05-19_18-23-24,1716168204,83.36561608314514,841.5878143310547,33092,Durgas-MacBook-Air.local,127.0.0.1,841.5878143310547,12,12000,352000,12000,352000,198.0,179.0,194.35,99.0,10,9900,0,10,198.0,179.0,194.35,198.0,179.0,194.35,99.0,10,9900,0,10,198.0,179.0,194.35,"[192.0, 190.0, 189.0, 183.0, 189.0, 187.0, 197.0, 187.0, 187.0, 193.0, 179.0, 193.0, 193.0, 192.0, 189.0, 191.0, 198.0, 189.0, 190.0, 192.0, 194.0, 195.0, 193.0, 195.0, 188.0, 198.0, 196.0, 194.0, 193.0, 197.0, 192.0, 190.0, 196.0, 195.0, 198.0, 194.0, 198.0, 195.0, 198.0, 192.0, 194.0, 197.0, 196.0, 198.0, 192.0, 196.0, 197.0, 197.0, 196.0, 197.0, 195.0, 194.0, 190.0, 196.0, 198.0, 194.0, 198.0, 192.0, 193.0, 195.0, 198.0, 198.0, 197.0, 198.0, 196.0, 191.0, 196.0, 198.0, 195.0, 194.0, 190.0, 198.0, 194.0, 194.0, 191.0, 197.0, 197.0, 198.0, 198.0, 198.0, 197.0, 197.0, 196.0, 198.0, 192.0, 191.0, 198.0, 198.0, 196.0, 198.0, 198.0, 198.0, 197.0, 198.0, 194.0, 194.0, 196.0, 193.0, 197.0, 197.0]","[99, 99, 99, 99, 99, 99, 99, 99, 99, 99, 99, 99, 99, 99, 99, 99, 99, 99, 99, 99, 99, 99, 99, 99, 99, 99, 99, 99, 99, 99, 99, 99, 99, 99, 99, 99, 99, 99, 99, 99, 99, 99, 99, 99, 99, 99, 99, 99, 99, 99, 99, 99, 99, 99, 99, 99, 99, 99, 99, 99, 99, 99, 99, 99, 99, 99, 99, 99, 99, 99, 99, 99, 99, 99, 99, 99, 99, 99, 99, 99, 99, 99, 99, 99, 99, 99, 99, 99, 99, 99, 99, 99, 99, 99, 99, 99, 99, 99, 99, 99]",0.43062378204815616,3.0181559629352677,0.0740098914213737,0.46559449599760927,0.0,0.025983572006225586,0.003837108612060547,0.0773167610168457,77227.682,0.007,79.402,4.704,12000,352000,12000,352000,98.43474576271184,80.34237288135596,"[192.0, 190.0, 189.0, 183.0, 189.0, 187.0, 197.0, 187.0, 187.0, 193.0, 179.0, 193.0, 193.0, 192.0, 189.0, 191.0, 198.0, 189.0, 190.0, 192.0, 194.0, 195.0, 193.0, 195.0, 188.0, 198.0, 196.0, 194.0, 193.0, 197.0, 192.0, 190.0, 196.0, 195.0, 198.0, 194.0, 198.0, 195.0, 198.0, 192.0, 194.0, 197.0, 196.0, 198.0, 192.0, 196.0, 197.0, 197.0, 196.0, 197.0, 195.0, 194.0, 190.0, 196.0, 198.0, 194.0, 198.0, 192.0, 193.0, 195.0, 198.0, 198.0, 197.0, 198.0, 196.0, 191.0, 196.0, 198.0, 195.0, 194.0, 190.0, 198.0, 194.0, 194.0, 191.0, 197.0, 197.0, 198.0, 198.0, 198.0, 197.0, 197.0, 196.0, 198.0, 192.0, 191.0, 198.0, 198.0, 196.0, 198.0, 198.0, 198.0, 197.0, 198.0, 194.0, 194.0, 196.0, 193.0, 197.0, 197.0]","[99, 99, 99, 99, 99, 99, 99, 99, 99, 99, 99, 99, 99, 99, 99, 99, 99, 99, 99, 99, 99, 99, 99, 99, 99, 99, 99, 99, 99, 99, 99, 99, 99, 99, 99, 99, 99, 99, 99, 99, 99, 99, 99, 99, 99, 99, 99, 99, 99, 99, 99, 99, 99, 99, 99, 99, 99, 99, 99, 99, 99, 99, 99, 99, 99, 99, 99, 99, 99, 99, 99, 99, 99, 99, 99, 99, 99, 99, 99, 99, 99, 99, 99, 99, 99, 99, 99, 99, 99, 99, 99, 99, 99, 99, 99, 99, 99, 99, 99, 99]",0.43062378204815616,3.0181559629352677,0.0740098914213737,0.46559449599760927,0.0,0.025983572006225586,0.003837108612060547,0.0773167610168457,"[192.0, 190.0, 189.0, 183.0, 189.0, 187.0, 197.0, 187.0, 187.0, 193.0, 179.0, 193.0, 193.0, 192.0, 189.0, 191.0, 198.0, 189.0, 190.0, 192.0, 194.0, 195.0, 193.0, 195.0, 188.0, 198.0, 196.0, 194.0, 193.0, 197.0, 192.0, 190.0, 196.0, 195.0, 198.0, 194.0, 198.0, 195.0, 198.0, 192.0, 194.0, 197.0, 196.0, 198.0, 192.0, 196.0, 197.0, 197.0, 196.0, 197.0, 195.0, 194.0, 190.0, 196.0, 198.0, 194.0, 198.0, 192.0, 193.0, 195.0, 198.0, 198.0, 197.0, 198.0, 196.0, 191.0, 196.0, 198.0, 195.0, 194.0, 190.0, 198.0, 194.0, 194.0, 191.0, 197.0, 197.0, 198.0, 198.0, 198.0, 197.0, 197.0, 196.0, 198.0, 192.0, 191.0, 198.0, 198.0, 196.0, 198.0, 198.0, 198.0, 197.0, 198.0, 194.0, 194.0, 196.0, 193.0, 197.0, 197.0]","[99, 99, 99, 99, 99, 99, 99, 99, 99, 99, 99, 99, 99, 99, 99, 99, 99, 99, 99, 99, 99, 99, 99, 99, 99, 99, 99, 99, 99, 99, 99, 99, 99, 99, 99, 99, 99, 99, 99, 99, 99, 99, 99, 99, 99, 99, 99, 99, 99, 99, 99, 99, 99, 99, 99, 99, 99, 99, 99, 99, 99, 99, 99, 99, 99, 99, 99, 99, 99, 99, 99, 99, 99, 99, 99, 99, 99, 99, 99, 99, 99, 99, 99, 99, 99, 99, 99, 99, 99, 99, 99, 99, 99, 99, 99, 99, 99, 99, 99, 99]",0.43062378204815616,3.0181559629352677,0.0740098914213737,0.46559449599760927,0.0,0.025983572006225586,0.003837108612060547,0.0773167610168457
198.0,179.0,194.9,99.0,10,9900,0,10,198.0,179.0,194.9,0,0,0,13000,384000,13000,384000,1000,32000,12.199154841915938,390.37295494131,13000,13000,13000,32000,13000,False,131,13,default,2024-05-19_18-24-46,1716168286,81.97353529930115,923.5613496303558,33092,Durgas-MacBook-Air.local,127.0.0.1,923.5613496303558,13,13000,384000,13000,384000,198.0,179.0,194.9,99.0,10,9900,0,10,198.0,179.0,194.9,198.0,179.0,194.9,99.0,10,9900,0,10,198.0,179.0,194.9,"[179.0, 193.0, 193.0, 192.0, 189.0, 191.0, 198.0, 189.0, 190.0, 192.0, 194.0, 195.0, 193.0, 195.0, 188.0, 198.0, 196.0, 194.0, 193.0, 197.0, 192.0, 190.0, 196.0, 195.0, 198.0, 194.0, 198.0, 195.0, 198.0, 192.0, 194.0, 197.0, 196.0, 198.0, 192.0, 196.0, 197.0, 197.0, 196.0, 197.0, 195.0, 194.0, 190.0, 196.0, 198.0, 194.0, 198.0, 192.0, 193.0, 195.0, 198.0, 198.0, 197.0, 198.0, 196.0, 191.0, 196.0, 198.0, 195.0, 194.0, 190.0, 198.0, 194.0, 194.0, 191.0, 197.0, 197.0, 198.0, 198.0, 198.0, 197.0, 197.0, 196.0, 198.0, 192.0, 191.0, 198.0, 198.0, 196.0, 198.0, 198.0, 198.0, 197.0, 198.0, 194.0, 194.0, 196.0, 193.0, 197.0, 197.0, 196.0, 193.0, 195.0, 197.0, 195.0, 196.0, 192.0, 196.0, 193.0, 196.0]","[99, 99, 99, 99, 99, 99, 99, 99, 99, 99, 99, 99, 99, 99, 99, 99, 99, 99, 99, 99, 99, 99, 99, 99, 99, 99, 99, 99, 99, 99, 99, 99, 99, 99, 99, 99, 99, 99, 99, 99, 99, 99, 99, 99, 99, 99, 99, 99, 99, 99, 99, 99, 99, 99, 99, 99, 99, 99, 99, 99, 99, 99, 99, 99, 99, 99, 99, 99, 99, 99, 99, 99, 99, 99, 99, 99, 99, 99, 99, 99, 99, 99, 99, 99, 99, 99, 99, 99, 99, 99, 99, 99, 99, 99, 99, 99, 99, 99, 99, 99]",0.4388473886262655,3.0934627992649473,0.07509424842897366,0.47414911484605254,0.0,0.026352882385253906,0.003908634185791016,0.0787496566772461,78416.735,0.007,82.422,5.644,13000,384000,13000,384000,98.3612068965517,80.33706896551723,"[179.0, 193.0, 193.0, 192.0, 189.0, 191.0, 198.0, 189.0, 190.0, 192.0, 194.0, 195.0, 193.0, 195.0, 188.0, 198.0, 196.0, 194.0, 193.0, 197.0, 192.0, 190.0, 196.0, 195.0, 198.0, 194.0, 198.0, 195.0, 198.0, 192.0, 194.0, 197.0, 196.0, 198.0, 192.0, 196.0, 197.0, 197.0, 196.0, 197.0, 195.0, 194.0, 190.0, 196.0, 198.0, 194.0, 198.0, 192.0, 193.0, 195.0, 198.0, 198.0, 197.0, 198.0, 196.0, 191.0, 196.0, 198.0, 195.0, 194.0, 190.0, 198.0, 194.0, 194.0, 191.0, 197.0, 197.0, 198.0, 198.0, 198.0, 197.0, 197.0, 196.0, 198.0, 192.0, 191.0, 198.0, 198.0, 196.0, 198.0, 198.0, 198.0, 197.0, 198.0, 194.0, 194.0, 196.0, 193.0, 197.0, 197.0, 196.0, 193.0, 195.0, 197.0, 195.0, 196.0, 192.0, 196.0, 193.0, 196.0]","[99, 99, 99, 99, 99, 99, 99, 99, 99, 99, 99, 99, 99, 99, 99, 99, 99, 99, 99, 99, 99, 99, 99, 99, 99, 99, 99, 99, 99, 99, 99, 99, 99, 99, 99, 99, 99, 99, 99, 99, 99, 99, 99, 99, 99, 99, 99, 99, 99, 99, 99, 99, 99, 99, 99, 99, 99, 99, 99, 99, 99, 99, 99, 99, 99, 99, 99, 99, 99, 99, 99, 99, 99, 99, 99, 99, 99, 99, 99, 99, 99, 99, 99, 99, 99, 99, 99, 99, 99, 99, 99, 99, 99, 99, 99, 99, 99, 99, 99, 99]",0.4388473886262655,3.0934627992649473,0.07509424842897366,0.47414911484605254,0.0,0.026352882385253906,0.003908634185791016,0.0787496566772461,"[179.0, 193.0, 193.0, 192.0, 189.0, 191.0, 198.0, 189.0, 190.0, 192.0, 194.0, 195.0, 193.0, 195.0, 188.0, 198.0, 196.0, 194.0, 193.0, 197.0, 192.0, 190.0, 196.0, 195.0, 198.0, 194.0, 198.0, 195.0, 198.0, 192.0, 194.0, 197.0, 196.0, 198.0, 192.0, 196.0, 197.0, 197.0, 196.0, 197.0, 195.0, 194.0, 190.0, 196.0, 198.0, 194.0, 198.0, 192.0, 193.0, 195.0, 198.0, 198.0, 197.0, 198.0, 196.0, 191.0, 196.0, 198.0, 195.0, 194.0, 190.0, 198.0, 194.0, 194.0, 191.0, 197.0, 197.0, 198.0, 198.0, 198.0, 197.0, 197.0, 196.0, 198.0, 192.0, 191.0, 198.0, 198.0, 196.0, 198.0, 198.0, 198.0, 197.0, 198.0, 194.0, 194.0, 196.0, 193.0, 197.0, 197.0, 196.0, 193.0, 195.0, 197.0, 195.0, 196.0, 192.0, 196.0, 193.0, 196.0]","[99, 99, 99, 99, 99, 99, 99, 99, 99, 99, 99, 99, 99, 99, 99, 99, 99, 99, 99, 99, 99, 99, 99, 99, 99, 99, 99, 99, 99, 99, 99, 99, 99, 99, 99, 99, 99, 99, 99, 99, 99, 99, 99, 99, 99, 99, 99, 99, 99, 99, 99, 99, 99, 99, 99, 99, 99, 99, 99, 99, 99, 99, 99, 99, 99, 99, 99, 99, 99, 99, 99, 99, 99, 99, 99, 99, 99, 99, 99, 99, 99, 99, 99, 99, 99, 99, 99, 99, 99, 99, 99, 99, 99, 99, 99, 99, 99, 99, 99, 99]",0.4388473886262655,3.0934627992649473,0.07509424842897366,0.47414911484605254,0.0,0.026352882385253906,0.003908634185791016,0.0787496566772461
198.0,188.0,195.47,99.0,10,9900,0,10,198.0,188.0,195.47,0,0,0,14000,416000,14000,416000,1000,32000,11.907738961715651,381.04764677490084,14000,14000,14000,32000,14000,False,141,14,default,2024-05-19_18-26-10,1716168370,83.97986197471619,1007.541211605072,33092,Durgas-MacBook-Air.local,127.0.0.1,1007.541211605072,14,14000,416000,14000,416000,198.0,188.0,195.47,99.0,10,9900,0,10,198.0,188.0,195.47,198.0,188.0,195.47,99.0,10,9900,0,10,198.0,188.0,195.47,"[194.0, 195.0, 193.0, 195.0, 188.0, 198.0, 196.0, 194.0, 193.0, 197.0, 192.0, 190.0, 196.0, 195.0, 198.0, 194.0, 198.0, 195.0, 198.0, 192.0, 194.0, 197.0, 196.0, 198.0, 192.0, 196.0, 197.0, 197.0, 196.0, 197.0, 195.0, 194.0, 190.0, 196.0, 198.0, 194.0, 198.0, 192.0, 193.0, 195.0, 198.0, 198.0, 197.0, 198.0, 196.0, 191.0, 196.0, 198.0, 195.0, 194.0, 190.0, 198.0, 194.0, 194.0, 191.0, 197.0, 197.0, 198.0, 198.0, 198.0, 197.0, 197.0, 196.0, 198.0, 192.0, 191.0, 198.0, 198.0, 196.0, 198.0, 198.0, 198.0, 197.0, 198.0, 194.0, 194.0, 196.0, 193.0, 197.0, 197.0, 196.0, 193.0, 195.0, 197.0, 195.0, 196.0, 192.0, 196.0, 193.0, 196.0, 197.0, 196.0, 197.0, 198.0, 198.0, 198.0, 194.0, 194.0, 194.0, 197.0]","[99, 99, 99, 99, 99, 99, 99, 99, 99, 99, 99, 99, 99, 99, 99, 99, 99, 99, 99, 99, 99, 99, 99, 99, 99, 99, 99, 99, 99, 99, 99, 99, 99, 99, 99, 99, 99, 99, 99, 99, 99, 99, 99, 99, 99, 99, 99, 99, 99, 99, 99, 99, 99, 99, 99, 99, 99, 99, 99, 99, 99, 99, 99, 99, 99, 99, 99, 99, 99, 99, 99, 99, 99, 99, 99, 99, 99, 99, 99, 99, 99, 99, 99, 99, 99, 99, 99, 99, 99, 99, 99, 99, 99, 99, 99, 99, 99, 99, 99, 99]",0.4460310265031021,3.1516549405437444,0.07604372179809518,0.4816129109540463,0.0,0.02675461769104004,0.003989458084106445,0.08023285865783691,79212.485,0.008,81.19,5.701,14000,416000,14000,416000,98.39583333333333,80.775,"[194.0, 195.0, 193.0, 195.0, 188.0, 198.0, 196.0, 194.0, 193.0, 197.0, 192.0, 190.0, 196.0, 195.0, 198.0, 194.0, 198.0, 195.0, 198.0, 192.0, 194.0, 197.0, 196.0, 198.0, 192.0, 196.0, 197.0, 197.0, 196.0, 197.0, 195.0, 194.0, 190.0, 196.0, 198.0, 194.0, 198.0, 192.0, 193.0, 195.0, 198.0, 198.0, 197.0, 198.0, 196.0, 191.0, 196.0, 198.0, 195.0, 194.0, 190.0, 198.0, 194.0, 194.0, 191.0, 197.0, 197.0, 198.0, 198.0, 198.0, 197.0, 197.0, 196.0, 198.0, 192.0, 191.0, 198.0, 198.0, 196.0, 198.0, 198.0, 198.0, 197.0, 198.0, 194.0, 194.0, 196.0, 193.0, 197.0, 197.0, 196.0, 193.0, 195.0, 197.0, 195.0, 196.0, 192.0, 196.0, 193.0, 196.0, 197.0, 196.0, 197.0, 198.0, 198.0, 198.0, 194.0, 194.0, 194.0, 197.0]","[99, 99, 99, 99, 99, 99, 99, 99, 99, 99, 99, 99, 99, 99, 99, 99, 99, 99, 99, 99, 99, 99, 99, 99, 99, 99, 99, 99, 99, 99, 99, 99, 99, 99, 99, 99, 99, 99, 99, 99, 99, 99, 99, 99, 99, 99, 99, 99, 99, 99, 99, 99, 99, 99, 99, 99, 99, 99, 99, 99, 99, 99, 99, 99, 99, 99, 99, 99, 99, 99, 99, 99, 99, 99, 99, 99, 99, 99, 99, 99, 99, 99, 99, 99, 99, 99, 99, 99, 99, 99, 99, 99, 99, 99, 99, 99, 99, 99, 99, 99]",0.4460310265031021,3.1516549405437444,0.07604372179809518,0.4816129109540463,0.0,0.02675461769104004,0.003989458084106445,0.08023285865783691,"[194.0, 195.0, 193.0, 195.0, 188.0, 198.0, 196.0, 194.0, 193.0, 197.0, 192.0, 190.0, 196.0, 195.0, 198.0, 194.0, 198.0, 195.0, 198.0, 192.0, 194.0, 197.0, 196.0, 198.0, 192.0, 196.0, 197.0, 197.0, 196.0, 197.0, 195.0, 194.0, 190.0, 196.0, 198.0, 194.0, 198.0, 192.0, 193.0, 195.0, 198.0, 198.0, 197.0, 198.0, 196.0, 191.0, 196.0, 198.0, 195.0, 194.0, 190.0, 198.0, 194.0, 194.0, 191.0, 197.0, 197.0, 198.0, 198.0, 198.0, 197.0, 197.0, 196.0, 198.0, 192.0, 191.0, 198.0, 198.0, 196.0, 198.0, 198.0, 198.0, 197.0, 198.0, 194.0, 194.0, 196.0, 193.0, 197.0, 197.0, 196.0, 193.0, 195.0, 197.0, 195.0, 196.0, 192.0, 196.0, 193.0, 196.0, 197.0, 196.0, 197.0, 198.0, 198.0, 198.0, 194.0, 194.0, 194.0, 197.0]","[99, 99, 99, 99, 99, 99, 99, 99, 99, 99, 99, 99, 99, 99, 99, 99, 99, 99, 99, 99, 99, 99, 99, 99, 99, 99, 99, 99, 99, 99, 99, 99, 99, 99, 99, 99, 99, 99, 99, 99, 99, 99, 99, 99, 99, 99, 99, 99, 99, 99, 99, 99, 99, 99, 99, 99, 99, 99, 99, 99, 99, 99, 99, 99, 99, 99, 99, 99, 99, 99, 99, 99, 99, 99, 99, 99, 99, 99, 99, 99, 99, 99, 99, 99, 99, 99, 99, 99, 99, 99, 99, 99, 99, 99, 99, 99, 99, 99, 99, 99]",0.4460310265031021,3.1516549405437444,0.07604372179809518,0.4816129109540463,0.0,0.02675461769104004,0.003989458084106445,0.08023285865783691
198.0,179.0,195.22,99.0,10,9900,0,10,198.0,179.0,195.22,0,0,0,15000,448000,15000,448000,1000,32000,11.722011413186468,375.104365221967,15000,15000,15000,32000,15000,False,151,15,default,2024-05-19_18-27-36,1716168456,85.3104178905487,1092.8516294956207,33092,Durgas-MacBook-Air.local,127.0.0.1,1092.8516294956207,15,15000,448000,15000,448000,198.0,179.0,195.22,99.0,10,9900,0,10,198.0,179.0,195.22,198.0,179.0,195.22,99.0,10,9900,0,10,198.0,179.0,195.22,"[192.0, 190.0, 196.0, 195.0, 198.0, 194.0, 198.0, 195.0, 198.0, 192.0, 194.0, 197.0, 196.0, 198.0, 192.0, 196.0, 197.0, 197.0, 196.0, 197.0, 195.0, 194.0, 190.0, 196.0, 198.0, 194.0, 198.0, 192.0, 193.0, 195.0, 198.0, 198.0, 197.0, 198.0, 196.0, 191.0, 196.0, 198.0, 195.0, 194.0, 190.0, 198.0, 194.0, 194.0, 191.0, 197.0, 197.0, 198.0, 198.0, 198.0, 197.0, 197.0, 196.0, 198.0, 192.0, 191.0, 198.0, 198.0, 196.0, 198.0, 198.0, 198.0, 197.0, 198.0, 194.0, 194.0, 196.0, 193.0, 197.0, 197.0, 196.0, 193.0, 195.0, 197.0, 195.0, 196.0, 192.0, 196.0, 193.0, 196.0, 197.0, 196.0, 197.0, 198.0, 198.0, 198.0, 194.0, 194.0, 194.0, 197.0, 195.0, 191.0, 189.0, 197.0, 195.0, 192.0, 179.0, 190.0, 192.0, 198.0]","[99, 99, 99, 99, 99, 99, 99, 99, 99, 99, 99, 99, 99, 99, 99, 99, 99, 99, 99, 99, 99, 99, 99, 99, 99, 99, 99, 99, 99, 99, 99, 99, 99, 99, 99, 99, 99, 99, 99, 99, 99, 99, 99, 99, 99, 99, 99, 99, 99, 99, 99, 99, 99, 99, 99, 99, 99, 99, 99, 99, 99, 99, 99, 99, 99, 99, 99, 99, 99, 99, 99, 99, 99, 99, 99, 99, 99, 99, 99, 99, 99, 99, 99, 99, 99, 99, 99, 99, 99, 99, 99, 99, 99, 99, 99, 99, 99, 99, 99, 99]",0.4527724269400363,3.20017822330591,0.07694537736750205,0.48871462003167393,0.0,0.02722024917602539,0.004080772399902344,0.08211231231689453,80110.402,0.007,84.487,5.653,15000,448000,15000,448000,98.40578512396695,80.78677685950416,"[192.0, 190.0, 196.0, 195.0, 198.0, 194.0, 198.0, 195.0, 198.0, 192.0, 194.0, 197.0, 196.0, 198.0, 192.0, 196.0, 197.0, 197.0, 196.0, 197.0, 195.0, 194.0, 190.0, 196.0, 198.0, 194.0, 198.0, 192.0, 193.0, 195.0, 198.0, 198.0, 197.0, 198.0, 196.0, 191.0, 196.0, 198.0, 195.0, 194.0, 190.0, 198.0, 194.0, 194.0, 191.0, 197.0, 197.0, 198.0, 198.0, 198.0, 197.0, 197.0, 196.0, 198.0, 192.0, 191.0, 198.0, 198.0, 196.0, 198.0, 198.0, 198.0, 197.0, 198.0, 194.0, 194.0, 196.0, 193.0, 197.0, 197.0, 196.0, 193.0, 195.0, 197.0, 195.0, 196.0, 192.0, 196.0, 193.0, 196.0, 197.0, 196.0, 197.0, 198.0, 198.0, 198.0, 194.0, 194.0, 194.0, 197.0, 195.0, 191.0, 189.0, 197.0, 195.0, 192.0, 179.0, 190.0, 192.0, 198.0]","[99, 99, 99, 99, 99, 99, 99, 99, 99, 99, 99, 99, 99, 99, 99, 99, 99, 99, 99, 99, 99, 99, 99, 99, 99, 99, 99, 99, 99, 99, 99, 99, 99, 99, 99, 99, 99, 99, 99, 99, 99, 99, 99, 99, 99, 99, 99, 99, 99, 99, 99, 99, 99, 99, 99, 99, 99, 99, 99, 99, 99, 99, 99, 99, 99, 99, 99, 99, 99, 99, 99, 99, 99, 99, 99, 99, 99, 99, 99, 99, 99, 99, 99, 99, 99, 99, 99, 99, 99, 99, 99, 99, 99, 99, 99, 99, 99, 99, 99, 99]",0.4527724269400363,3.20017822330591,0.07694537736750205,0.48871462003167393,0.0,0.02722024917602539,0.004080772399902344,0.08211231231689453,"[192.0, 190.0, 196.0, 195.0, 198.0, 194.0, 198.0, 195.0, 198.0, 192.0, 194.0, 197.0, 196.0, 198.0, 192.0, 196.0, 197.0, 197.0, 196.0, 197.0, 195.0, 194.0, 190.0, 196.0, 198.0, 194.0, 198.0, 192.0, 193.0, 195.0, 198.0, 198.0, 197.0, 198.0, 196.0, 191.0, 196.0, 198.0, 195.0, 194.0, 190.0, 198.0, 194.0, 194.0, 191.0, 197.0, 197.0, 198.0, 198.0, 198.0, 197.0, 197.0, 196.0, 198.0, 192.0, 191.0, 198.0, 198.0, 196.0, 198.0, 198.0, 198.0, 197.0, 198.0, 194.0, 194.0, 196.0, 193.0, 197.0, 197.0, 196.0, 193.0, 195.0, 197.0, 195.0, 196.0, 192.0, 196.0, 193.0, 196.0, 197.0, 196.0, 197.0, 198.0, 198.0, 198.0, 194.0, 194.0, 194.0, 197.0, 195.0, 191.0, 189.0, 197.0, 195.0, 192.0, 179.0, 190.0, 192.0, 198.0]","[99, 99, 99, 99, 99, 99, 99, 99, 99, 99, 99, 99, 99, 99, 99, 99, 99, 99, 99, 99, 99, 99, 99, 99, 99, 99, 99, 99, 99, 99, 99, 99, 99, 99, 99, 99, 99, 99, 99, 99, 99, 99, 99, 99, 99, 99, 99, 99, 99, 99, 99, 99, 99, 99, 99, 99, 99, 99, 99, 99, 99, 99, 99, 99, 99, 99, 99, 99, 99, 99, 99, 99, 99, 99, 99, 99, 99, 99, 99, 99, 99, 99, 99, 99, 99, 99, 99, 99, 99, 99, 99, 99, 99, 99, 99, 99, 99, 99, 99, 99]",0.4527724269400363,3.20017822330591,0.07694537736750205,0.48871462003167393,0.0,0.02722024917602539,0.004080772399902344,0.08211231231689453
